{
    "weightflag" : "theo",
    "lambdas" : [0.03162278, 0.07943282, 0.19952623, 0.50118723, 0.79432823,
                 1.0       , 1.25892541, 1.58489319, 1.99526231, 2.51188643,
                 3.16227766, 7.94328235],
    "warm_start_fname" : "RidgeResults_ctr_alpha0_0e00.pkl",
    "params" : {"varyrho":1,
                  "Niter":100,
                  "Tol":0.01,
                  "fig":0}
}