{
    "weightflag" : "theo",
    "lambdas" : [1.00000000e-05, 3.16227766e-05, 1.00000000e-04, 1.25892541e-04,
       1.58489319e-04, 1.99526231e-04, 2.51188643e-04, 3.16227766e-04,
       1.00000000e-03, 3.16227766e-03, 0.03162278, 0.07943282],
    "warm_start_fname" : "RidgeResults_ctr_alpha0_0e00.pkl",
    "params" : {"varyrho":1,
                  "Niter":100,
                  "Tol":0.01,
                  "fig":0}
}